{"max": [0.453943, 0.118758, -0.922932], "centroid": [0.41958389895470344, 0.0861971623693379, -0.9584739128919861], "id": "9effd38015b7e5ecc34b900bb2492e", "numVertices": 287, "min": [0.384042, -0.0079375, -0.992833]}
