{"max": [-0.35821, 1.60064, 4.67697], "centroid": [-1.527261572229123, 0.6720922089819473, 1.6302291626218814], "id": "3397f15757f51279e55e3ad998a1ecb4", "numVertices": 12848, "min": [-2.69011, 0.110243, -0.880312]}
