{"max": [-0.3, 3.84, 14.0], "centroid": [-1.7453306401184152, 0.7048989185362222, 7.9520936448408746], "id": "cfcf79d337e79438c98c13d6112727de", "numVertices": 28037, "min": [-3.22, 0.0, 0.08]}
